ArquivoNome;MD5; SHA256;FornecedorId;Fornecedor Nome; Data; Quantidade Movel; Minutos Movel; Quantidade Fixo; Minutos Fixo;  Quantidade Total; Minutos Total;Tempo Processamento; Operadora
oi.txt;50fb126f91a63662f352f3a88973cdc1;8683bc8f3ce90f1fb21847be1c8e87eb48f3bd971dcefdde6571633cf23d3978;4;OI;2020-06-10;36;18,0;0;0,0;36;18,0;64ms;
oi.txt;50fb126f91a63662f352f3a88973cdc1;8683bc8f3ce90f1fb21847be1c8e87eb48f3bd971dcefdde6571633cf23d3978;4;OI;2020-05-26;69;52,1;0;0,0;69;52,1;64ms;
oi.txt;50fb126f91a63662f352f3a88973cdc1;8683bc8f3ce90f1fb21847be1c8e87eb48f3bd971dcefdde6571633cf23d3978;4;OI;2020-06-04;196;148,5;0;0,0;196;148,5;64ms;
oi.txt;50fb126f91a63662f352f3a88973cdc1;8683bc8f3ce90f1fb21847be1c8e87eb48f3bd971dcefdde6571633cf23d3978;4;OI;2020-06-05;34;28,9;0;0,0;34;28,9;64ms;
oi.txt;50fb126f91a63662f352f3a88973cdc1;8683bc8f3ce90f1fb21847be1c8e87eb48f3bd971dcefdde6571633cf23d3978;4;OI;2020-05-25;1;0,5;0;0,0;1;0,5;64ms;
oi.txt;50fb126f91a63662f352f3a88973cdc1;8683bc8f3ce90f1fb21847be1c8e87eb48f3bd971dcefdde6571633cf23d3978;4;OI;2020-06-06;28;19,5;0;0,0;28;19,5;64ms;
oi.txt;50fb126f91a63662f352f3a88973cdc1;8683bc8f3ce90f1fb21847be1c8e87eb48f3bd971dcefdde6571633cf23d3978;4;OI;2020-06-07;64;52,3;0;0,0;64;52,3;64ms;
oi.txt;50fb126f91a63662f352f3a88973cdc1;8683bc8f3ce90f1fb21847be1c8e87eb48f3bd971dcefdde6571633cf23d3978;4;OI;2020-06-08;70;49,0;0;0,0;70;49,0;64ms;
